{
  "IcoMoonType": "selection",
  "icons": [
    {
      "icon": {
        "paths": [
          "M1299.251 0h-1164.8c-74.138 0-134.451 57.344-134.451 128v768c0 70.656 60.314 128 134.451 128h1164.8c73.933 0 134.349-57.344 134.349-128v-768c0-70.656-60.314-128-134.451-128zM1299.251 85.299c6.042 0 11.776 1.229 17.101 3.379l-599.552 494.899-599.552-494.899c5.057-2.1 10.929-3.338 17.085-3.379l0.016-0h1164.8zM1299.251 938.701h-1164.8c-0.309 0.008-0.673 0.012-1.038 0.012-23.813 0-43.191-18.992-43.812-42.656l-0.001-0.057v-717.21l597.811 493.466c7.913 6.589 18.184 10.588 29.389 10.588s21.476-3.999 29.463-10.649l-0.075 0.060 597.811-493.466v717.21c0 23.552-20.070 42.701-44.851 42.701z"
        ],
        "attrs": [
          {
            "fill": "rgb(117, 117, 117)"
          }
        ],
        "width": 1434,
        "isMulticolor": false,
        "isMulticolor2": false,
        "grid": 0,
        "tags": [
          "envelope-tabl"
        ]
      },
      "attrs": [
        {
          "fill": "rgb(117, 117, 117)"
        }
      ],
      "properties": {
        "order": 2,
        "id": 1,
        "name": "envelope-tabl",
        "prevSize": 32
      },
      "setIdx": 0,
      "setId": 2,
      "iconIdx": 0
    },
    {
      "icon": {
        "paths": [
          "M621.714 0h-512c-60.489 0-109.714 43.081-109.714 96.037v831.927c0 53.029 49.225 96.037 109.714 96.037h512c60.489 0 109.714-43.081 109.714-96.037v-831.927c0-52.955-49.225-96.037-109.714-96.037zM109.714 64h512c20.187 0 36.571 14.336 36.571 32.037v671.963h-585.143v-672.037c0-17.554 16.384-31.963 36.571-31.963zM621.714 960h-512c-20.187 0-36.571-14.336-36.571-32.037v-95.963h585.143v96.037c0 17.554-16.384 31.963-36.571 31.963z",
          "M172.178 873.326c6.594 5.407 10.768 13.553 10.768 22.674s-4.174 17.268-10.716 22.633l-0.051 0.041c-6.956 5.845-16.010 9.396-25.893 9.396s-18.937-3.551-25.955-9.446l0.062 0.051c-6.594-5.407-10.768-13.553-10.768-22.674s4.174-17.268 10.716-22.633l0.051-0.041c6.956-5.845 16.010-9.396 25.893-9.396s18.937 3.551 25.955 9.446l-0.062-0.051z"
        ],
        "attrs": [
          {
            "fill": "rgb(117, 117, 117)"
          },
          {
            "fill": "rgb(117, 117, 117)"
          }
        ],
        "width": 731,
        "isMulticolor": false,
        "isMulticolor2": false,
        "grid": 0,
        "tags": [
          "smartphone-tabl"
        ]
      },
      "attrs": [
        {
          "fill": "rgb(117, 117, 117)"
        },
        {
          "fill": "rgb(117, 117, 117)"
        }
      ],
      "properties": {
        "order": 3,
        "id": 0,
        "name": "smartphone-tabl",
        "prevSize": 32
      },
      "setIdx": 0,
      "setId": 2,
      "iconIdx": 1
    }
  ],
  "height": 1024,
  "preferences": {
    "showGlyphs": true,
    "showQuickUse": true,
    "showQuickUse2": true,
    "showSVGs": true,
    "fontPref": {
      "prefix": "icon-",
      "metadata": {
        "fontFamily": "icomoon"
      },
      "metrics": {
        "emSize": 1024,
        "baseline": 6.25,
        "whitespace": 50
      },
      "embed": false
    },
    "imagePref": {
      "prefix": "icon-",
      "png": true,
      "useClassSelector": true,
      "color": 0,
      "bgColor": 16777215,
      "classSelector": ".icon",
      "name": "icomoon"
    },
    "historySize": 50,
    "showCodes": true,
    "gridSize": 16
  }
}